/work/jyanglab/subhash/5.gvcf/PI34911.g.vcf	117677084	too_few_columns(2)	DP:PL 0/0:18:51:17:0,51,656
/work/jyanglab/subhash/5.gvcf/PI533762.g.vcf	117135645	too_few_columns(2)	:MIN_DP:PL 0/0:20:57:19:0,57,613
/work/jyanglab/subhash/5.gvcf/PI533855.g.vcf	51040494	too_few_columns(3)	=69837961 GT:DP:GQ:MIN_DP:PL 0/0:12:36:12:0,36,391
/work/jyanglab/subhash/5.gvcf/PI533856.g.vcf	67398	pos_out_of_order(1:239783<333590)	1 239783 . T <NON_REF> . . END=239785 GT:DP:GQ:MIN_DP:PL 0/0:9:27:9:0,27,338
/work/jyanglab/subhash/5.gvcf/PI533863.g.vcf	4680	pos_out_of_order(1:35288<49920)	1 35288 . G <NON_REF> . . END=35288 GT:DP:GQ:MIN_DP:PL 0/0:8:18:8:0,18,270
/work/jyanglab/subhash/5.gvcf/PI533876.g.vcf	127361240	too_few_columns(3)	35 GT:DP:GQ:MIN_DP:PL 0/0:22:2:22:0,2,701
/work/jyanglab/subhash/5.gvcf/PI533902.g.vcf	801854	pos_out_of_order(1:3442031<4445919)	1 3442031 . C <NON_REF> . . END=3442031 GT:DP:GQ:MIN_DP:PL 0/0:12:27:12:0,27,405
/work/jyanglab/subhash/5.gvcf/PI533939.g.vcf	115846323	too_few_columns(2)	 0/0:7:21:7:0,21,262
/work/jyanglab/subhash/5.gvcf/PI534063.g.vcf	8407822	pos_out_of_order(1:33536067<41638738)	1 33536067 . A <NON_REF> . . END=33536084 GT:DP:GQ:MIN_DP:PL 0/0:9:21:7:0,21,180
/work/jyanglab/subhash/5.gvcf/PI534101.g.vcf	104782224	non_integer_pos	1673 . CTAA C,<NON_REF> 121.78 . DP=4;ExcessHet=0.0000;MLEAC=1,0;MLEAF=0.500,0.00;RAW_MQandDP=14400,4 GT:AD:DP:GQ:PGT:PID:PL:PS:SB 1|1:0,3,0:3:9:0|1:811673_CTAA_C:135,9,0,135,9,135:811673:0,0,3,0
/work/jyanglab/subhash/5.gvcf/PI534124.g.vcf	96830634	too_few_columns(2)	GT:DP:GQ:MIN_DP:PL 0/0:24:66:24:0,66,990
/work/jyanglab/subhash/5.gvcf/PI534132.g.vcf	147456014	too_few_columns(2)	N_DP:PL 0/0:2:6:2:0,6,80
/work/jyanglab/subhash/5.gvcf/PI534157.g.vcf	124451866	too_few_columns(2)	Q:MIN_DP:PL 0/0:8:24:8:0,24,211
/work/jyanglab/subhash/5.gvcf/PI552861.g.vcf	-	missing_or_empty_idx	
/work/jyanglab/subhash/5.gvcf/PI561071.g.vcf	-	missing_or_empty_idx	
/work/jyanglab/subhash/5.gvcf/PI561072.g.vcf	-	missing_or_empty_idx	
/work/jyanglab/subhash/5.gvcf/PI561073.g.vcf	-	missing_or_empty_idx	
/work/jyanglab/subhash/5.gvcf/PI576130.g.vcf	1656	pos_out_of_order(1:25409<25561)	1 25409 . C <NON_REF> . . END=25422 GT:DP:GQ:MIN_DP:PL 0/0:28:72:26:0,72,1080
/work/jyanglab/subhash/5.gvcf/PI576328.g.vcf	-	missing_or_empty_idx	
/work/jyanglab/subhash/5.gvcf/PI576337.g.vcf	120702899	too_few_columns(6)	ON_REF> . . END=58320747 GT:DP:GQ:MIN_DP:PL 0/0:1:3:1:0,3,40
/work/jyanglab/subhash/5.gvcf/PI576342.g.vcf	-	missing_or_empty_idx	
/work/jyanglab/subhash/5.gvcf/PI576343.g.vcf	-	missing_or_empty_idx	
/work/jyanglab/subhash/5.gvcf/PI576347.g.vcf	114303469	too_few_columns(1)	:15:39:14:0,39,585
/work/jyanglab/subhash/5.gvcf/PI576348.g.vcf	10562545	non_integer_pos	77528 . A <NON_REF> . . END=48577528 GT:DP:GQ:MIN_DP:PL 0/0:15:10:15:0,10,484
/work/jyanglab/subhash/5.gvcf/PI576349.g.vcf	-	missing_or_empty_idx	
/work/jyanglab/subhash/5.gvcf/PI576350.g.vcf	-	missing_or_empty_idx	
/work/jyanglab/subhash/5.gvcf/PI576354.g.vcf	-	missing_or_empty_idx	
/work/jyanglab/subhash/5.gvcf/PI576355.g.vcf	-	missing_or_empty_idx	
/work/jyanglab/subhash/5.gvcf/PI576357.g.vcf	-	missing_or_empty_idx	
/work/jyanglab/subhash/5.gvcf/PI576360.g.vcf	-	missing_or_empty_idx	
/work/jyanglab/subhash/5.gvcf/PI576361.g.vcf	-	missing_or_empty_idx	
/work/jyanglab/subhash/5.gvcf/PI576397.g.vcf	-	missing_or_empty_idx	
/work/jyanglab/subhash/5.gvcf/PI576405.g.vcf	-	missing_or_empty_idx	
/work/jyanglab/subhash/5.gvcf/PI576406.g.vcf	-	missing_or_empty_idx	
/work/jyanglab/subhash/5.gvcf/PI595725.g.vcf	-	missing_or_empty_idx	
/work/jyanglab/subhash/5.gvcf/PI595726.g.vcf	-	missing_or_empty_idx	
/work/jyanglab/subhash/5.gvcf/PI595727.g.vcf	-	missing_or_empty_idx	
/work/jyanglab/subhash/5.gvcf/PI595728.g.vcf	-	missing_or_empty_idx	
/work/jyanglab/subhash/5.gvcf/PI595736.g.vcf	-	missing_or_empty_idx	
/work/jyanglab/subhash/5.gvcf/PI595737.g.vcf	-	missing_or_empty_idx	
/work/jyanglab/subhash/5.gvcf/PI595738.g.vcf	-	missing_or_empty_idx	
/work/jyanglab/subhash/5.gvcf/PI595739.g.vcf	-	missing_or_empty_idx	
/work/jyanglab/subhash/5.gvcf/PI595740.g.vcf	1808312	pos_out_of_order(1:10057520<11968635)	1 10057520 . A <NON_REF> . . END=10057522 GT:DP:GQ:MIN_DP:PL 0/0:17:51:17:0,51,642
/work/jyanglab/subhash/5.gvcf/PI595743.g.vcf	6320	pos_out_of_order(1:41046<62909)	1 41046 . A <NON_REF> . . END=41046 GT:DP:GQ:MIN_DP:PL 0/0:11:33:11:0,33,348
/work/jyanglab/subhash/5.gvcf/PI597946.g.vcf	-	missing_or_empty_idx	
/work/jyanglab/subhash/5.gvcf/PI597947.g.vcf	-	missing_or_empty_idx	
/work/jyanglab/subhash/5.gvcf/PI597949.g.vcf	-	missing_or_empty_idx	
/work/jyanglab/subhash/5.gvcf/PI597950.g.vcf	135630	non_integer_pos	62 . G <NON_REF> . . END=603171 GT:DP:GQ:MIN_DP:PL 0/0:7:21:7:0,21,248
/work/jyanglab/subhash/5.gvcf/PI597951.g.vcf	-	missing_or_empty_idx	
/work/jyanglab/subhash/5.gvcf/PI597952.g.vcf	-	missing_or_empty_idx	
/work/jyanglab/subhash/5.gvcf/PI597980.g.vcf	-	missing_or_empty_idx	
/work/jyanglab/subhash/5.gvcf/PI597981.g.vcf	-	missing_or_empty_idx	
/work/jyanglab/subhash/5.gvcf/PI597982.g.vcf	-	missing_or_empty_idx	
/work/jyanglab/subhash/5.gvcf/PI598069.g.vcf	-	missing_or_empty_idx	
/work/jyanglab/subhash/5.gvcf/PI598070.g.vcf	7688231	too_few_columns(3)	9 GT:DP:GQ:MIN_DP:PL 0/0:18:51:17:0,51,530
/work/jyanglab/subhash/5.gvcf/PI601816.g.vcf	-	missing_or_empty_idx	
/work/jyanglab/subhash/5.gvcf/PI607931.g.vcf	-	missing_or_empty_idx	
/work/jyanglab/subhash/5.gvcf/PI609456.g.vcf	-	missing_or_empty_idx	
/work/jyanglab/subhash/5.gvcf/PI613536.g.vcf	-	missing_or_empty_idx	
/work/jyanglab/subhash/5.gvcf/PI629034.g.vcf	-	missing_or_empty_idx	
/work/jyanglab/subhash/5.gvcf/PI629040.g.vcf	-	missing_or_empty_idx	
/work/jyanglab/subhash/5.gvcf/PI629059.g.vcf	-	missing_or_empty_idx	
/work/jyanglab/subhash/5.gvcf/PI641824.g.vcf	15026168	too_few_columns(2)	IN_DP:PL 0/0:5:9:4:0,9,135
/work/jyanglab/subhash/5.gvcf/PI641836.g.vcf	-	missing_or_empty_idx	
/work/jyanglab/subhash/5.gvcf/PI641849.g.vcf	-	missing_or_empty_idx	
/work/jyanglab/subhash/5.gvcf/PI641874.g.vcf	18712271	too_few_columns(7)	 <NON_REF> . . END=73534644 GT:DP:GQ:MIN_DP:PL 0/0:18:54:18:0,54,643
/work/jyanglab/subhash/5.gvcf/PI642791.g.vcf	-	missing_or_empty_idx	
/work/jyanglab/subhash/5.gvcf/PI642793.g.vcf	-	missing_or_empty_idx	
/work/jyanglab/subhash/5.gvcf/PI651496.g.vcf	-	missing_or_empty_idx	
/work/jyanglab/subhash/5.gvcf/PI653616.g.vcf	-	missing_or_empty_idx	
/work/jyanglab/subhash/5.gvcf/PI653617.g.vcf	-	missing_or_empty_idx	
/work/jyanglab/subhash/5.gvcf/PI655970.g.vcf	-	missing_or_empty_idx	
/work/jyanglab/subhash/5.gvcf/PI655971.g.vcf	-	missing_or_empty_idx	
/work/jyanglab/subhash/5.gvcf/PI655972.g.vcf	-	missing_or_empty_idx	
/work/jyanglab/subhash/5.gvcf/PI655973.g.vcf	-	missing_or_empty_idx	
/work/jyanglab/subhash/5.gvcf/PI656010.g.vcf	-	missing_or_empty_idx	
/work/jyanglab/subhash/5.gvcf/PI656011.g.vcf	-	missing_or_empty_idx	
/work/jyanglab/subhash/5.gvcf/PI656012.g.vcf	-	missing_or_empty_idx	
/work/jyanglab/subhash/5.gvcf/PI656013.g.vcf	-	missing_or_empty_idx	
/work/jyanglab/subhash/5.gvcf/PI656014.g.vcf	-	missing_or_empty_idx	
/work/jyanglab/subhash/5.gvcf/PI656015.g.vcf	-	missing_or_empty_idx	
/work/jyanglab/subhash/5.gvcf/PI656016.g.vcf	-	missing_or_empty_idx	
/work/jyanglab/subhash/5.gvcf/PI656017.g.vcf	-	missing_or_empty_idx	
/work/jyanglab/subhash/5.gvcf/PI656018.g.vcf	-	missing_or_empty_idx	
/work/jyanglab/subhash/5.gvcf/PI656019.g.vcf	-	missing_or_empty_idx	
/work/jyanglab/subhash/5.gvcf/PI656020.g.vcf	-	missing_or_empty_idx	
/work/jyanglab/subhash/5.gvcf/PI656021.g.vcf	-	missing_or_empty_idx	
/work/jyanglab/subhash/5.gvcf/PI656037.g.vcf	-	missing_or_empty_idx	
/work/jyanglab/subhash/5.gvcf/PI656038.g.vcf	-	missing_or_empty_idx	
/work/jyanglab/subhash/5.gvcf/PI656041.g.vcf	-	missing_or_empty_idx	
/work/jyanglab/subhash/5.gvcf/PI656042.g.vcf	-	missing_or_empty_idx	
/work/jyanglab/subhash/5.gvcf/PI656049.g.vcf	37128	pos_out_of_order(1:178148<212821)	1 178148 . T <NON_REF> . . END=178166 GT:DP:GQ:MIN_DP:PL 0/0:5:15:5:0,15,179
/work/jyanglab/subhash/5.gvcf/PI656052.g.vcf	60897	pos_out_of_order(1:265696<321343)	1 265696 . T <NON_REF> . . END=265697 GT:DP:GQ:MIN_DP:PL 0/0:10:30:10:0,30,364
/work/jyanglab/subhash/5.gvcf/PI656054.g.vcf	-	missing_or_empty_idx	
/work/jyanglab/subhash/5.gvcf/PI656055.g.vcf	-	missing_or_empty_idx	
/work/jyanglab/subhash/5.gvcf/PI656056.g.vcf	-	missing_or_empty_idx	
/work/jyanglab/subhash/5.gvcf/PI656057.g.vcf	3957171	too_few_columns(3)	0000;MLEAC=1,0;MLEAF=0.500,0.00;MQRankSum=-1.465;RAW_MQandDP=23809,7;ReadPosRankSum=1.465 GT:AD:DP:GQ:PGT:PID:PL:PS:SB 0|1:6,1,0:7:24:0|1:38537026_C_T:24,0,249,42,252,294:38537026:2,4,1,0
/work/jyanglab/subhash/5.gvcf/PI656058.g.vcf	-	missing_or_empty_idx	
/work/jyanglab/subhash/5.gvcf/PI656059.g.vcf	-	missing_or_empty_idx	
/work/jyanglab/subhash/5.gvcf/PI656060.g.vcf	-	missing_or_empty_idx	
/work/jyanglab/subhash/5.gvcf/PI656061.g.vcf	-	missing_or_empty_idx	
/work/jyanglab/subhash/5.gvcf/PI656062.g.vcf	-	missing_or_empty_idx	
/work/jyanglab/subhash/5.gvcf/PI656063.g.vcf	-	missing_or_empty_idx	
/work/jyanglab/subhash/5.gvcf/PI656064.g.vcf	-	missing_or_empty_idx	
/work/jyanglab/subhash/5.gvcf/PI656072.g.vcf	-	missing_or_empty_idx	
/work/jyanglab/subhash/5.gvcf/PI656073.g.vcf	-	missing_or_empty_idx	
/work/jyanglab/subhash/5.gvcf/PI656074.g.vcf	-	missing_or_empty_idx	
/work/jyanglab/subhash/5.gvcf/PI656075.g.vcf	-	missing_or_empty_idx	
/work/jyanglab/subhash/5.gvcf/PI656076.g.vcf	-	missing_or_empty_idx	
/work/jyanglab/subhash/5.gvcf/PI656077.g.vcf	9907488	too_few_columns(2)	:GQ:MIN_DP:PL 0/0:15:42:15:0,42,630
/work/jyanglab/subhash/5.gvcf/PI656078.g.vcf	-	missing_or_empty_idx	
/work/jyanglab/subhash/5.gvcf/PI656079.g.vcf	-	missing_or_empty_idx	
/work/jyanglab/subhash/5.gvcf/PI656081.g.vcf	-	missing_or_empty_idx	
/work/jyanglab/subhash/5.gvcf/PI656082.g.vcf	206742	pos_out_of_order(1:73141<731473)	1 73141 1090772 . G <NON_REF> . . END=1090791 GT:DP:GQ:MIN_DP:PL 0/0:3:9:3:0,9,87
/work/jyanglab/subhash/5.gvcf/PI656085.g.vcf	103408842	too_few_columns(3)	1,0;MLEAF=0.500,0.00;MQRankSum=0.000;RAW_MQandDP=18000,5;ReadPosRankSum=0.000 GT:AD:DP:GQ:PGT:PID:PL:PS:SB 0|1:4,1,0:5:29:0|1:7066863_A_G:29,0,165,41,168,209:7066863:4,0,0,1
/work/jyanglab/subhash/5.gvcf/PI656093.g.vcf	85657480	too_few_columns(6)	REF> . . END=17934029 GT:DP:GQ:MIN_DP:PL 0/0:8:2:8:0,2,233
/work/jyanglab/subhash/5.gvcf/PI656094.g.vcf	82115202	too_few_columns(8)	. T <NON_REF> . . END=28367863 GT:DP:GQ:MIN_DP:PL 0/0:24:72:24:0,72,914
/work/jyanglab/subhash/5.gvcf/PI656107.g.vcf	76548484	too_few_columns(1)	
/work/jyanglab/subhash/5.gvcf/PI656119.g.vcf	366390	pos_out_of_order(1:1516115<2155664)	1 1516115 . A G,<NON_REF> 210.96 . DP=5;ExcessHet=0.0000;MLEAC=2,0;MLEAF=1.00,0.00;RAW_MQandDP=16900,5 GT:AD:DP:GQ:PGT:PID:PL:PS:SB 1|1:0,5,0:5:15:0|1:1515983_CTGA_C:225,15,0,225,15,225:1515983:0,0,2,3
/work/jyanglab/subhash/5.gvcf/PI656121.g.vcf	-	missing_or_empty_idx	
/work/jyanglab/subhash/5.gvcf/PI659691.g.vcf	-	missing_or_empty_idx	
/work/jyanglab/subhash/5.gvcf/PI659694.g.vcf	-	missing_or_empty_idx	
/work/jyanglab/subhash/5.gvcf/PI659695.g.vcf	-	missing_or_empty_idx	
/work/jyanglab/subhash/5.gvcf/PI659696.g.vcf	-	missing_or_empty_idx	
/work/jyanglab/subhash/5.gvcf/PI659753.g.vcf	-	missing_or_empty_idx	
/work/jyanglab/subhash/5.gvcf/SC0003.g.vcf	-	missing_or_empty_idx	
/work/jyanglab/subhash/5.gvcf/SC0027.g.vcf	-	missing_or_empty_idx	
/work/jyanglab/subhash/5.gvcf/SC0092.g.vcf	-	missing_or_empty_idx	
/work/jyanglab/subhash/5.gvcf/SC0138.g.vcf	-	missing_or_empty_idx	
/work/jyanglab/subhash/5.gvcf/SC0150.g.vcf	-	missing_or_empty_idx	
/work/jyanglab/subhash/5.gvcf/SC0159.g.vcf	-	missing_or_empty_idx	
/work/jyanglab/subhash/5.gvcf/SC0178.g.vcf	-	missing_or_empty_idx	
/work/jyanglab/subhash/5.gvcf/SC0179.g.vcf	-	missing_or_empty_idx	
/work/jyanglab/subhash/5.gvcf/SC0191.g.vcf	-	missing_or_empty_idx	
/work/jyanglab/subhash/5.gvcf/SC0201.g.vcf	-	missing_or_empty_idx	
/work/jyanglab/subhash/5.gvcf/SC0236.g.vcf	-	missing_or_empty_idx	
/work/jyanglab/subhash/5.gvcf/SC0247.g.vcf	-	missing_or_empty_idx	
/work/jyanglab/subhash/5.gvcf/SC0249.g.vcf	-	missing_or_empty_idx	
/work/jyanglab/subhash/5.gvcf/SC0263.g.vcf	-	missing_or_empty_idx	
/work/jyanglab/subhash/5.gvcf/SC0314.g.vcf	-	missing_or_empty_idx	
/work/jyanglab/subhash/5.gvcf/SC0343.g.vcf	-	missing_or_empty_idx	
/work/jyanglab/subhash/5.gvcf/SC0371.g.vcf	-	missing_or_empty_idx	
/work/jyanglab/subhash/5.gvcf/SC0400.g.vcf	-	missing_or_empty_idx	
/work/jyanglab/subhash/5.gvcf/SC0409.g.vcf	-	missing_or_empty_idx	
/work/jyanglab/subhash/5.gvcf/SC0412.g.vcf	-	missing_or_empty_idx	
/work/jyanglab/subhash/5.gvcf/SC0436.g.vcf	-	missing_or_empty_idx	
/work/jyanglab/subhash/5.gvcf/SC0479.g.vcf	-	missing_or_empty_idx	
/work/jyanglab/subhash/5.gvcf/SC0741.g.vcf	-	missing_or_empty_idx	
/work/jyanglab/subhash/5.gvcf/SC0747.g.vcf	-	missing_or_empty_idx	
/work/jyanglab/subhash/5.gvcf/SC0753.g.vcf	-	missing_or_empty_idx	
/work/jyanglab/subhash/5.gvcf/SC0777.g.vcf	-	missing_or_empty_idx	
/work/jyanglab/subhash/5.gvcf/SC1170.g.vcf	-	missing_or_empty_idx	
/work/jyanglab/subhash/5.gvcf/SC1178.g.vcf	-	missing_or_empty_idx	
/work/jyanglab/subhash/5.gvcf/SC1193.g.vcf	-	missing_or_empty_idx	
/work/jyanglab/subhash/5.gvcf/SC1216.g.vcf	-	missing_or_empty_idx	
/work/jyanglab/subhash/5.gvcf/SC1442.g.vcf	-	missing_or_empty_idx	
/work/jyanglab/subhash/5.gvcf/SC1446.g.vcf	-	missing_or_empty_idx	
